ds,y,y_gspc
2019-10-07,4.608250141143799,2938.7900390625
2019-10-08,4.430749893188477,2893.06005859375
2019-10-09,4.517749786376953,2919.39990234375
2019-10-10,4.57574987411499,2938.1298828125
2019-10-11,4.649750232696533,2970.27001953125
2019-10-14,4.663249969482422,2966.14990234375
2019-10-15,4.909249782562256,2995.679931640625
2019-10-16,4.855249881744385,2989.68994140625
2019-10-17,4.857250213623047,2997.949951171875
2019-10-18,4.762249946594238,2986.199951171875
2019-10-21,4.90024995803833,3006.719970703125
2019-10-22,4.890250205993652,2995.989990234375
2019-10-23,4.8772501945495605,3004.52001953125
2019-10-24,4.921500205993652,3010.2900390625
2019-10-25,5.113500118255615,3022.550048828125
2019-10-28,5.169750213623047,3039.419921875
2019-10-29,5.072999954223633,3036.889892578125
2019-10-30,5.074999809265137,3046.77001953125
2019-10-31,5.0254998207092285,3037.56005859375
2019-11-01,5.0647501945495605,3066.909912109375
2019-11-04,5.262499809265137,3078.27001953125
2019-11-05,5.240250110626221,3074.6201171875
2019-11-06,5.1907501220703125,3076.780029296875
2019-11-07,5.208499908447266,3085.179931640625
2019-11-08,5.194499969482422,3093.080078125
2019-11-11,5.204500198364258,3087.010009765625
2019-11-12,5.240250110626221,3091.840087890625
2019-11-13,5.214250087738037,3094.0400390625
2019-11-14,5.244750022888184,3096.6298828125
2019-11-15,5.104750156402588,3120.4599609375
2019-11-18,5.307000160217285,3122.030029296875
2019-11-19,5.199749946594238,3120.179931640625
2019-11-20,5.2795000076293945,3108.4599609375
2019-11-21,5.254499912261963,3103.5400390625
2019-11-22,5.272250175476074,3110.2900390625
2019-11-25,5.530250072479248,3133.639892578125
2019-11-26,5.425000190734863,3140.52001953125
2019-11-27,5.455999851226807,3153.6298828125
2019-11-29,5.418499946594238,3140.97998046875
2019-12-02,5.231249809265137,3113.8701171875
2019-12-03,5.191500186920166,3093.199951171875
2019-12-04,5.235499858856201,3112.760009765625
2019-12-05,5.218500137329102,3117.429931640625
2019-12-06,5.3042497634887695,3145.909912109375
2019-12-09,5.3042497634887695,3135.9599609375
2019-12-10,5.349500179290772,3132.52001953125
2019-12-11,5.433499813079834,3141.6298828125
2019-12-12,5.601749897003174,3168.570068359375
2019-12-13,5.59975004196167,3168.800048828125
2019-12-16,5.628749847412109,3191.449951171875
2019-12-17,5.707250118255615,3192.52001953125
2019-12-18,5.737750053405762,3191.139892578125
2019-12-19,5.886499881744385,3205.3701171875
2019-12-20,5.984250068664551,3221.219970703125
2019-12-23,5.9704999923706055,3224.010009765625
2019-12-24,5.965499877929688,3223.3798828125
2019-12-26,5.979750156402588,3239.909912109375
2019-12-27,5.921750068664551,3240.02001953125
2019-12-30,5.808000087738037,3221.2900390625
2019-12-31,5.882500171661377,3230.780029296875
2020-01-02,5.99774980545044,3257.85009765625
2020-01-03,5.901750087738037,3234.85009765625
2020-01-06,5.926499843597412,3246.280029296875
2020-01-07,5.9982500076293945,3237.179931640625
2020-01-08,6.009500026702881,3253.050048828125
2020-01-09,6.075500011444092,3274.699951171875
2020-01-10,6.107999801635742,3265.35009765625
2020-01-13,6.299499988555908,3288.1298828125
2020-01-14,6.182000160217285,3283.14990234375
2020-01-15,6.139249801635742,3289.2900390625
2020-01-16,6.223249912261963,3316.81005859375
2020-01-17,6.23199987411499,3329.6201171875
2020-01-21,6.198500156402588,3320.7900390625
2020-01-22,6.252749919891357,3321.75
2020-01-23,6.321499824523926,3325.5400390625
2020-01-24,6.26200008392334,3295.469970703125
2020-01-27,6.005000114440918,3243.6298828125
2020-01-28,6.199250221252441,3276.239990234375
2020-01-29,6.138500213623047,3273.39990234375
2020-01-30,6.145249843597412,3283.659912109375
2020-01-31,5.910749912261963,3225.52001953125
2020-02-03,6.008250236511231,3248.919921875
2020-02-04,6.178249835968018,3297.590087890625
2020-02-05,6.269000053405762,3334.68994140625
2020-02-06,6.356249809265137,3345.780029296875
2020-02-07,6.289750099182129,3327.7099609375
2020-02-10,6.574250221252441,3352.090087890625
2020-02-11,6.697249889373779,3357.75
2020-02-12,6.813499927520752,3379.449951171875
2020-02-13,6.769499778747559,3373.93994140625
2020-02-14,7.244750022888184,3380.159912109375
2020-02-18,7.414249897003174,3370.2900390625
2020-02-19,7.867499828338623,3386.14990234375
2020-02-20,7.71750020980835,3373.22998046875
2020-02-21,7.351749897003174,3337.75
2020-02-24,6.831999778747559,3225.889892578125
2020-02-25,6.551249980926514,3128.2099609375
2020-02-26,6.691249847412109,3116.389892578125
2020-02-27,6.315000057220459,2978.760009765625
2020-02-28,6.7517499923706055,2954.219970703125
2020-03-02,6.910749912261963,3090.22998046875
2020-03-03,6.647250175476074,3003.3701171875
2020-03-04,7.112750053405762,3130.1201171875
2020-03-05,6.832250118255615,3023.93994140625
2020-03-06,6.651000022888184,2972.3701171875
2020-03-09,6.136000156402588,2746.56005859375
2020-03-10,6.526999950408936,2882.22998046875
2020-03-11,6.161749839782715,2741.3798828125
2020-03-12,5.407750129699707,2480.639892578125
2020-03-13,6.020999908447266,2711.02001953125
2020-03-16,4.909999847412109,2386.1298828125
2020-03-17,5.4317498207092285,2529.18994140625
2020-03-18,5.070499897003174,2398.10009765625
2020-03-19,5.324250221252441,2409.389892578125
2020-03-20,5.143750190734863,2304.919921875
2020-03-23,5.317249774932861,2237.39990234375
2020-03-24,6.229499816894531,2447.330078125
2020-03-25,6.140500068664551,2475.56005859375
2020-03-26,6.431000232696533,2630.070068359375
2020-03-27,6.318250179290772,2541.469970703125
2020-03-30,6.639750003814697,2626.64990234375
2020-03-31,6.590000152587891,2584.590087890625
2020-04-01,6.076749801635742,2470.5
2020-04-02,6.386750221252441,2526.89990234375
2020-04-03,6.097750186920166,2488.64990234375
2020-04-06,6.710000038146973,2663.679931640625
2020-04-07,6.475749969482422,2659.409912109375
2020-04-08,6.673749923706055,2749.97998046875
2020-04-09,6.573750019073486,2789.820068359375
2020-04-13,6.746250152587891,2761.6298828125
2020-04-14,7.098750114440918,2846.06005859375
2020-04-15,7.020999908447266,2783.360107421875
2020-04-16,7.367499828338623,2799.550048828125
2020-04-17,7.308000087738037,2874.56005859375
2020-04-20,7.176249980926514,2823.159912109375
2020-04-21,6.737750053405762,2736.56005859375
2020-04-22,7.153749942779541,2799.31005859375
2020-04-23,7.100249767303467,2797.800048828125
2020-04-24,7.239749908447266,2836.739990234375
2020-04-27,7.427000045776367,2878.47998046875
2020-04-28,7.283999919891357,2863.389892578125
2020-04-29,7.46150016784668,2939.510009765625
2020-04-30,7.307000160217285,2912.429931640625
2020-05-01,7.069499969482422,2830.7099609375
2020-05-04,7.282249927520752,2842.739990234375
2020-05-05,7.343500137329102,2868.43994140625
2020-05-06,7.44474983215332,2848.419921875
2020-05-07,7.621749877929687,2881.18994140625
2020-05-08,7.8125,2929.800048828125
2020-05-11,8.065500259399414,2930.18994140625
2020-05-12,7.802499771118164,2870.1201171875
2020-05-13,7.78000020980835,2820.0
2020-05-14,8.030500411987305,2852.5
2020-05-15,8.490750312805176,2863.699951171875
2020-05-18,8.750249862670898,2953.909912109375
2020-05-19,8.805500030517578,2922.93994140625
2020-05-20,8.970000267028809,2971.610107421875
2020-05-21,8.775250434875488,2948.510009765625
2020-05-22,9.026249885559082,2955.449951171875
2020-05-26,8.71774959564209,2991.77001953125
2020-05-27,8.525250434875488,3036.1298828125
2020-05-28,8.487000465393066,3029.72998046875
2020-05-29,8.875499725341797,3044.31005859375
2020-06-01,8.806249618530273,3055.72998046875
2020-06-02,8.825249671936035,3080.820068359375
2020-06-03,8.769499778747559,3122.8701171875
2020-06-04,8.766500473022461,3112.35009765625
2020-06-05,8.920000076293945,3193.929931640625
2020-06-08,8.805000305175781,3232.389892578125
2020-06-09,9.04599952697754,3207.179931640625
2020-06-10,9.36674976348877,3190.139892578125
2020-06-11,8.796250343322754,3002.10009765625
2020-06-12,8.932499885559082,3041.31005859375
2020-06-15,9.173749923706056,3066.590087890625
2020-06-16,9.068499565124512,3124.739990234375
2020-06-17,9.236000061035156,3113.489990234375
2020-06-18,9.218000411987305,3115.340087890625
2020-06-19,9.261249542236328,3097.739990234375
2020-06-22,9.52674961090088,3117.860107421875
2020-06-23,9.449999809265137,3131.2900390625
2020-06-24,9.23550033569336,3050.330078125
2020-06-25,9.489999771118164,3083.760009765625
2020-06-26,9.154999732971191,3009.050048828125
2020-06-29,9.199999809265137,3053.239990234375
2020-06-30,9.497750282287598,3100.2900390625
2020-07-01,9.529999732971191,3115.860107421875
2020-07-02,9.612250328063965,3130.010009765625
2020-07-06,9.83924961090088,3179.719970703125
2020-07-07,9.871749877929688,3145.320068359375
2020-07-08,10.215999603271484,3169.93994140625
2020-07-09,10.508999824523926,3152.050048828125
2020-07-10,10.479249954223633,3185.0400390625
2020-07-13,10.052249908447266,3155.219970703125
2020-07-14,10.376999855041504,3197.52001953125
2020-07-15,10.227250099182127,3226.56005859375
2020-07-16,10.134750366210938,3215.570068359375
2020-07-17,10.201499938964844,3224.72998046875
2020-07-20,10.510749816894531,3251.840087890625
2020-07-21,10.328499794006348,3257.300048828125
2020-07-22,10.438750267028809,3276.02001953125
2020-07-23,10.12975025177002,3235.659912109375
2020-07-24,10.194499969482422,3215.6298828125
2020-07-27,10.421500205993652,3239.409912109375
2020-07-28,10.215499877929688,3218.43994140625
2020-07-29,10.465499877929688,3258.43994140625
2020-07-30,10.61400032043457,3246.219970703125
2020-07-31,10.614749908447266,3271.1201171875
2020-08-03,11.010250091552734,3294.610107421875
2020-08-04,11.227749824523926,3306.510009765625
2020-08-05,11.286749839782717,3327.77001953125
2020-08-06,11.33549976348877,3349.159912109375
2020-08-07,11.19950008392334,3351.280029296875
2020-08-10,11.164999961853027,3360.469970703125
2020-08-11,10.850000381469728,3333.68994140625
2020-08-12,11.440250396728516,3380.35009765625
2020-08-13,11.442999839782717,3373.429931640625
2020-08-14,11.564000129699709,3372.85009765625
2020-08-17,12.336999893188477,3381.989990234375
2020-08-18,12.260749816894531,3389.780029296875
2020-08-19,12.138500213623049,3374.85009765625
2020-08-20,12.140999794006348,3385.510009765625
2020-08-21,12.683500289916992,3397.159912109375
2020-08-24,12.720250129699709,3431.280029296875
2020-08-25,12.75,3443.6201171875
2020-08-26,12.77299976348877,3478.72998046875
2020-08-27,12.628250122070312,3484.550048828125
2020-08-28,13.147749900817873,3508.010009765625
2020-08-31,13.374500274658203,3500.31005859375
2020-09-01,13.821000099182127,3526.64990234375
2020-09-02,14.346500396728516,3580.840087890625
2020-09-03,13.01550006866455,3455.06005859375
2020-09-04,12.6225004196167,3426.9599609375
2020-09-08,11.913000106811523,3331.840087890625
2020-09-09,12.71500015258789,3398.9599609375
2020-09-10,12.311750411987305,3339.18994140625
2020-09-11,12.16450023651123,3340.969970703125
2020-09-14,12.872249603271484,3383.5400390625
2020-09-15,12.991000175476074,3401.199951171875
2020-09-16,12.51449966430664,3385.489990234375
2020-09-17,12.463500022888184,3357.010009765625
2020-09-18,12.189249992370604,3319.469970703125
2020-09-21,12.517250061035156,3281.06005859375
2020-09-22,12.637749671936035,3315.570068359375
2020-09-23,12.123749732971191,3236.919921875
2020-09-24,12.347999572753906,3246.590087890625
2020-09-25,12.873749732971191,3298.4599609375
2020-09-28,13.03499984741211,3351.60009765625
2020-09-29,13.225749969482422,3335.469970703125
2020-09-30,13.530500411987305,3363.0
2020-10-01,13.614500045776367,3380.800048828125
2020-10-02,13.062250137329102,3348.419921875
2020-10-05,13.642499923706056,3408.60009765625
2020-10-06,13.736499786376951,3360.969970703125
2020-10-07,13.96399974822998,3419.43994140625
2020-10-08,13.838749885559082,3446.830078125
2020-10-09,13.762749671936035,3477.139892578125
2020-10-12,14.22599983215332,3534.219970703125
2020-10-13,14.248250007629396,3511.929931640625
2020-10-14,14.095250129699709,3488.669921875
2020-10-15,13.970000267028809,3483.340087890625
2020-10-16,13.81149959564209,3483.81005859375
2020-10-19,13.497750282287598,3426.919921875
2020-10-20,13.645500183105469,3443.1201171875
2020-10-21,13.524749755859377,3435.56005859375
2020-10-22,13.361000061035156,3453.489990234375
2020-10-23,13.590250015258787,3465.389892578125
2020-10-26,13.141249656677246,3400.969970703125
2020-10-27,13.396750450134276,3390.679931640625
2020-10-28,12.626999855041504,3271.030029296875
2020-10-29,13.02400016784668,3310.110107421875
2020-10-30,12.534000396728516,3269.9599609375
2020-11-02,12.580750465393066,3310.239990234375
2020-11-03,13.01949977874756,3369.159912109375
2020-11-04,13.794249534606934,3443.43994140625
2020-11-05,14.15999984741211,3510.449951171875
2020-11-06,14.562000274658203,3509.43994140625
2020-11-09,13.630749702453612,3550.5
2020-11-10,12.770000457763672,3545.530029296875
2020-11-11,13.41800022125244,3572.659912109375
2020-11-12,13.45674991607666,3537.010009765625
2020-11-13,13.29699993133545,3585.14990234375
2020-11-16,13.515250205993652,3626.909912109375
2020-11-17,13.422249794006348,3609.530029296875
2020-11-18,13.428750038146973,3567.7900390625
2020-11-19,13.440250396728516,3581.8701171875
2020-11-20,13.087750434875488,3557.5400390625
2020-11-23,13.140000343322754,3577.590087890625
2020-11-24,12.95775032043457,3635.409912109375
2020-11-25,13.234749794006348,3629.64990234375
2020-11-27,13.261249542236328,3638.35009765625
2020-11-30,13.40149974822998,3621.6298828125
2020-12-01,13.390000343322754,3662.449951171875
2020-12-02,13.544500350952148,3669.010009765625
2020-12-03,13.395999908447266,3666.719970703125
2020-12-04,13.558250427246094,3699.1201171875
2020-12-07,13.606749534606934,3691.9599609375
2020-12-08,13.350000381469728,3702.25
2020-12-09,12.930749893188477,3672.820068359375
2020-12-10,12.972249984741213,3668.10009765625
2020-12-11,13.013250350952148,3663.4599609375
2020-12-14,13.30875015258789,3647.489990234375
2020-12-15,13.36050033569336,3694.6201171875
2020-12-16,13.24250030517578,3701.169921875
2020-12-17,13.3412504196167,3722.47998046875
2020-12-18,13.272000312805176,3709.409912109375
2020-12-21,13.332249641418455,3694.919921875
2020-12-22,13.278249740600586,3687.260009765625
2020-12-23,13.009249687194824,3690.010009765625
2020-12-24,12.993749618530272,3703.06005859375
2020-12-28,12.899999618530272,3735.360107421875
2020-12-29,12.943249702453612,3727.0400390625
2020-12-30,13.145750045776367,3732.0400390625
2020-12-31,13.05500030517578,3756.070068359375
2021-01-04,13.113499641418455,3700.64990234375
2021-01-05,13.404749870300291,3726.860107421875
2021-01-06,12.614500045776367,3748.139892578125
2021-01-07,13.343999862670898,3803.7900390625
2021-01-08,13.27674961090088,3824.679931640625
2021-01-11,13.621500015258787,3799.610107421875
2021-01-12,13.484749794006348,3801.18994140625
2021-01-13,13.531749725341797,3809.840087890625
2021-01-14,13.200249671936035,3795.5400390625
2021-01-15,12.85949993133545,3768.25
2021-01-19,13.025250434875488,3798.909912109375
2021-01-20,13.365750312805176,3851.85009765625
2021-01-21,13.86750030517578,3853.070068359375
2021-01-22,13.712499618530272,3841.469970703125
2021-01-25,13.653249740600586,3855.360107421875
2021-01-26,13.435250282287598,3849.6201171875
2021-01-27,12.917750358581545,3750.77001953125
2021-01-28,13.050999641418455,3787.3798828125
2021-01-29,12.989749908447266,3714.239990234375
2021-02-01,13.237000465393066,3773.860107421875
2021-02-02,13.556750297546388,3826.31005859375
2021-02-03,13.530500411987305,3830.169921875
2021-02-04,13.664250373840332,3871.739990234375
2021-02-05,13.590999603271484,3886.830078125
2021-02-08,14.438750267028809,3915.590087890625
2021-02-09,14.263250350952148,3911.22998046875
2021-02-10,14.764249801635742,3909.8798828125
2021-02-11,15.250749588012695,3916.3798828125
2021-02-12,14.96125030517578,3934.830078125
2021-02-16,15.330249786376951,3932.590087890625
2021-02-17,14.906000137329102,3931.330078125
2021-02-18,14.82900047302246,3913.969970703125
2021-02-19,14.92650032043457,3906.7099609375
2021-02-22,14.35575008392334,3876.5
2021-02-23,14.142000198364258,3881.3701171875
2021-02-24,14.49899959564209,3925.429931640625
2021-02-25,13.307499885559082,3829.340087890625
2021-02-26,13.714500427246094,3811.14990234375
2021-03-01,13.841750144958496,3901.820068359375
2021-03-02,13.40625,3870.2900390625
2021-03-03,12.804750442504885,3819.719970703125
2021-03-04,12.37024974822998,3768.469970703125
2021-03-05,12.46150016784668,3841.93994140625
2021-03-08,11.593250274658203,3821.35009765625
2021-03-09,12.52025032043457,3875.43994140625
2021-03-10,12.468250274658203,3898.81005859375
2021-03-11,12.993499755859377,3939.340087890625
2021-03-12,12.855999946594238,3943.340087890625
2021-03-15,13.19124984741211,3968.93994140625
2021-03-16,13.291250228881836,3962.7099609375
2021-03-17,13.3412504196167,3974.1201171875
2021-03-18,12.72249984741211,3915.4599609375
2021-03-19,12.845749855041504,3913.10009765625
2021-03-22,13.186249732971191,3940.590087890625
2021-03-23,13.07075023651123,3910.52001953125
2021-03-24,12.642999649047852,3889.139892578125
2021-03-25,12.535249710083008,3909.52001953125
2021-03-26,12.83924961090088,3974.5400390625
2021-03-29,12.948249816894531,3971.090087890625
2021-03-30,12.871749877929688,3958.550048828125
2021-03-31,13.34825038909912,3972.889892578125
2021-04-01,13.811750411987305,4019.8701171875
2021-04-05,13.987500190734863,4077.909912109375
2021-04-06,13.861499786376951,4073.93994140625
2021-04-07,14.143500328063965,4079.949951171875
2021-04-08,14.31700038909912,4097.169921875
2021-04-09,14.399999618530272,4128.7998046875
2021-04-12,15.208999633789062,4127.990234375
2021-04-13,15.679499626159668,4141.58984375
2021-04-14,15.277000427246094,4124.66015625
2021-04-15,16.137250900268555,4170.419921875
2021-04-16,15.912500381469728,4185.47021484375
2021-04-19,15.361749649047852,4163.259765625
2021-04-20,15.171250343322754,4134.93994140625
2021-04-21,15.36050033569336,4173.419921875
2021-04-22,14.850250244140623,4134.97998046875
2021-04-23,15.265250205993652,4180.169921875
2021-04-26,15.477999687194824,4187.6201171875
2021-04-27,15.381750106811523,4186.72021484375
2021-04-28,15.27674961090088,4183.18017578125
2021-04-29,15.324749946594238,4211.47021484375
2021-04-30,15.009499549865724,4181.169921875
2021-05-03,14.836750030517578,4192.66015625
2021-05-04,14.35124969482422,4164.66015625
2021-05-05,14.458499908447266,4167.58984375
2021-05-06,14.52299976348877,4201.6201171875
2021-05-07,14.812250137329102,4232.60009765625
2021-05-10,14.26574993133545,4188.43017578125
2021-05-11,14.306249618530272,4152.10009765625
2021-05-12,13.758500099182127,4063.0400390625
2021-05-13,13.665249824523926,4112.5
2021-05-14,14.243000030517578,4173.85009765625
2021-05-17,14.165499687194824,4163.2900390625
2021-05-18,14.01574993133545,4127.830078125
2021-05-19,14.065750122070312,4115.68017578125
2021-05-20,14.612500190734863,4159.1201171875
2021-05-21,14.99174976348877,4155.85986328125
2021-05-24,15.612000465393066,4197.0498046875
2021-05-25,15.647749900817873,4188.1298828125
2021-05-26,15.699999809265137,4195.990234375
2021-05-27,15.48799991607666,4200.8798828125
2021-05-28,16.24449920654297,4204.10986328125
2021-06-01,16.26449966430664,4202.0400390625
2021-06-02,16.778249740600586,4208.1201171875
2021-06-03,16.969749450683594,4192.85009765625
2021-06-04,17.578250885009766,4229.89013671875
2021-06-07,17.618999481201172,4226.52001953125
2021-06-08,17.457000732421875,4227.259765625
2021-06-09,17.35824966430664,4219.5498046875
2021-06-10,17.424999237060547,4239.18017578125
2021-06-11,17.82525062561035,4247.43994140625
2021-06-14,18.018749237060547,4255.14990234375
2021-06-15,17.78849983215332,4246.58984375
2021-06-16,17.81024932861328,4223.7001953125
2021-06-17,18.657249450683597,4221.85986328125
2021-06-18,18.638750076293945,4166.4501953125
2021-06-21,18.427249908447266,4224.7900390625
2021-06-22,18.886749267578125,4246.43994140625
2021-06-23,19.057249069213867,4241.83984375
2021-06-24,19.20549964904785,4266.490234375
2021-06-25,19.0310001373291,4280.7001953125
2021-06-28,19.98500061035156,4290.60986328125
2021-06-29,20.026750564575195,4291.7998046875
2021-06-30,20.002500534057617,4297.5
2021-07-01,20.21199989318848,4319.93994140625
2021-07-02,20.48699951171875,4352.33984375
2021-07-06,20.69849967956543,4343.5400390625
2021-07-07,20.371749877929688,4358.1298828125
2021-07-08,19.90275001525879,4320.81982421875
2021-07-09,20.050249099731445,4369.5498046875
2021-07-12,20.512500762939453,4384.6298828125
2021-07-13,20.25,4369.2099609375
2021-07-14,19.84149932861328,4374.2998046875
2021-07-15,18.966249465942383,4360.02978515625
2021-07-16,18.160999298095703,4327.16015625
2021-07-19,18.77975082397461,4258.490234375
2021-07-20,18.61199951171875,4323.06005859375
2021-07-21,19.40999984741211,4358.68994140625
2021-07-22,19.5939998626709,4367.47998046875
2021-07-23,19.558000564575195,4411.7900390625
2021-07-26,19.29400062561035,4422.2998046875
2021-07-27,19.20800018310547,4401.4599609375
2021-07-28,19.50300025939941,4400.64013671875
2021-07-29,19.66200065612793,4419.14990234375
2021-07-30,19.499000549316406,4395.259765625
2021-08-02,19.75,4387.16015625
2021-08-03,19.815000534057617,4423.14990234375
2021-08-04,20.27400016784668,4402.66015625
2021-08-05,20.636999130249023,4429.10009765625
2021-08-06,20.36599922180176,4436.52001953125
2021-08-09,20.295000076293945,4432.35009765625
2021-08-10,19.93600082397461,4436.75
2021-08-11,19.698999404907227,4442.41015625
2021-08-12,19.905000686645508,4460.830078125
2021-08-13,20.1879997253418,4468.0
2021-08-16,19.950000762939453,4479.7099609375
2021-08-17,19.45800018310547,4448.080078125
2021-08-18,19.040000915527344,4400.27001953125
2021-08-19,19.79800033569336,4405.7998046875
2021-08-20,20.81599998474121,4441.669921875
2021-08-23,21.95800018310547,4479.52978515625
2021-08-24,21.792999267578125,4486.22998046875
2021-08-25,22.21299934387207,4496.18994140625
2021-08-26,22.06800079345703,4470.0
2021-08-27,22.63599967956543,4509.3701171875
2021-08-30,22.6879997253418,4528.7900390625
2021-08-31,22.38500022888184,4522.68017578125
2021-09-01,22.44099998474121,4524.08984375
2021-09-02,22.395999908447266,4536.9501953125
2021-09-03,22.843000411987305,4535.43017578125
2021-09-07,22.66200065612793,4520.02978515625
2021-09-08,22.339000701904297,4514.06982421875
2021-09-09,22.177000045776367,4493.27978515625
2021-09-10,22.47800064086914,4458.580078125
2021-09-13,22.152000427246094,4468.72998046875
2021-09-14,22.242000579833984,4443.0498046875
2021-09-15,22.340999603271484,4480.7001953125
2021-09-16,22.242000579833984,4473.75
2021-09-17,21.899999618530277,4432.990234375
2021-09-20,21.113000869750977,4357.72998046875
2021-09-21,21.246000289916992,4354.18994140625
2021-09-22,21.94099998474121,4395.64013671875
2021-09-23,22.48200035095215,4448.97998046875
2021-09-24,22.08099937438965,4455.47998046875
2021-09-27,21.65999984741211,4443.10986328125
2021-09-28,20.698999404907227,4352.6298828125
2021-09-29,20.517000198364254,4359.4599609375
2021-09-30,20.715999603271484,4307.5400390625
2021-10-01,20.742000579833984,4357.0400390625
2021-10-04,19.73200035095215,4300.4599609375
2021-10-05,20.451000213623047,4345.72021484375
2021-10-06,20.700000762939453,4363.5498046875
2021-10-07,21.075000762939453,4399.759765625
2021-10-08,20.83099937438965,4391.33984375
2021-10-11,20.69499969482422,4361.18994140625
2021-10-12,20.67099952697754,4350.64990234375
2021-10-13,20.93899917602539,4363.7998046875
2021-10-14,21.746000289916992,4438.259765625
2021-10-15,21.86199951171875,4471.3701171875
2021-10-18,22.222000122070312,4486.4599609375
2021-10-19,22.290000915527344,4519.6298828125
2021-10-20,22.10300064086914,4536.18994140625
2021-10-21,22.691999435424805,4549.77978515625
2021-10-22,22.72599983215332,4544.89990234375
2021-10-25,23.166000366210938,4566.47998046875
2021-10-26,24.71699905395508,4574.7900390625
2021-10-27,24.451000213623047,4551.68017578125
2021-10-28,24.94099998474121,4596.419921875
2021-10-29,25.566999435424805,4605.3798828125
2021-11-01,25.82699966430664,4613.669921875
2021-11-02,26.400999069213867,4630.64990234375
2021-11-03,26.597999572753903,4660.56982421875
2021-11-04,29.801000595092773,4680.06005859375
2021-11-05,29.75200080871582,4697.52978515625
2021-11-08,30.804000854492188,4701.7001953125
2021-11-09,30.65699958801269,4685.25
2021-11-10,29.458999633789062,4646.7099609375
2021-11-11,30.38999938964844,4649.27001953125
2021-11-12,30.38999938964844,4682.85009765625
2021-11-15,30.024999618530277,4682.7998046875
2021-11-16,30.202999114990234,4700.89990234375
2021-11-17,29.26099967956543,4688.669921875
2021-11-18,31.674999237060547,4704.5400390625
2021-11-19,32.98500061035156,4697.9599609375
2021-11-22,31.95599937438965,4682.93994140625
2021-11-23,31.746000289916992,4690.7001953125
2021-11-24,32.67399978637695,4701.4599609375
2021-11-26,31.50300025939941,4594.6201171875
2021-11-29,33.375999450683594,4655.27001953125
2021-11-30,32.67599868774414,4567.0
2021-12-01,31.434999465942383,4513.0400390625
2021-12-02,32.125999450683594,4577.10009765625
2021-12-03,30.69300079345703,4538.43017578125
2021-12-06,30.03700065612793,4591.669921875
2021-12-07,32.426998138427734,4686.75
2021-12-08,31.826000213623047,4701.2099609375
2021-12-09,30.489999771118164,4667.4501953125
2021-12-10,30.197999954223636,4712.02001953125
2021-12-13,28.160999298095703,4668.97021484375
2021-12-14,28.33699989318848,4634.08984375
2021-12-15,30.458999633789062,4709.85009765625
2021-12-16,28.386999130249023,4668.669921875
2021-12-17,27.801000595092773,4620.64013671875
2021-12-20,27.7189998626709,4568.02001953125
2021-12-21,29.075000762939453,4649.22998046875
2021-12-22,29.399999618530277,4696.56005859375
2021-12-23,29.63999938964844,4725.7900390625
2021-12-27,30.94499969482422,4791.18994140625
2021-12-28,30.32200050354004,4786.35009765625
2021-12-29,30.000999450683597,4793.06005859375
2021-12-30,29.586000442504883,4778.72998046875
2021-12-31,29.410999298095703,4766.18017578125
2022-01-03,30.121000289916992,4796.56005859375
2022-01-04,29.290000915527344,4793.5400390625
2022-01-05,27.60400009155273,4700.580078125
2022-01-06,28.17799949645996,4696.0498046875
2022-01-07,27.246999740600582,4677.02978515625
2022-01-10,27.399999618530277,4670.2900390625
2022-01-11,27.816999435424805,4713.06982421875
2022-01-12,27.999000549316406,4726.35009765625
2022-01-13,26.575000762939453,4659.02978515625
2022-01-14,26.941999435424805,4662.85009765625
2022-01-18,25.902999877929688,4577.10986328125
2022-01-19,25.066999435424805,4532.759765625
2022-01-20,24.149999618530277,4482.72998046875
2022-01-21,23.374000549316406,4397.93994140625
2022-01-24,23.371999740600582,4410.1298828125
2022-01-25,22.323999404907227,4356.4501953125
2022-01-26,22.77199935913086,4349.93017578125
2022-01-27,21.944000244140625,4326.509765625
2022-01-28,22.84000015258789,4431.85009765625
2022-01-31,24.48600006103516,4515.5498046875
2022-02-01,24.63800048828125,4546.5400390625
2022-02-02,25.242000579833984,4589.3798828125
2022-02-03,23.947999954223636,4477.43994140625
2022-02-04,24.319000244140625,4500.52978515625
2022-02-07,24.72800064086914,4483.8701171875
2022-02-08,25.107999801635746,4521.5400390625
2022-02-09,26.70499992370605,4587.18017578125
2022-02-10,25.823999404907227,4504.080078125
2022-02-11,23.948999404907227,4418.64013671875
2022-02-14,24.267000198364254,4401.669921875
2022-02-15,26.4950008392334,4471.06982421875
2022-02-16,26.51099967956543,4475.009765625
2022-02-17,24.506999969482425,4380.259765625
2022-02-18,23.642000198364254,4348.8701171875
2022-02-22,23.38999938964844,4304.759765625
2022-02-23,22.386999130249023,4225.5
2022-02-24,23.74799919128418,4288.7001953125
2022-02-25,24.15699958801269,4384.64990234375
2022-02-28,24.38500022888184,4373.93994140625
2022-03-01,23.476999282836918,4306.259765625
2022-03-02,24.21999931335449,4386.5400390625
2022-03-03,23.714000701904297,4363.490234375
2022-03-04,22.93600082397461,4328.8701171875
2022-03-07,21.351999282836918,4201.08984375
2022-03-08,21.513999938964844,4170.7001953125
2022-03-09,23.013999938964844,4277.8798828125
2022-03-10,22.65800094604492,4259.52001953125
2022-03-11,22.100000381469727,4204.31005859375
2022-03-14,21.32999992370605,4173.10986328125
2022-03-15,22.972999572753903,4262.4501953125
2022-03-16,24.496000289916992,4357.85986328125
2022-03-17,24.766000747680664,4411.669921875
2022-03-18,26.452999114990234,4463.1201171875
2022-03-21,26.733999252319336,4461.18017578125
2022-03-22,26.52400016784668,4511.60986328125
2022-03-23,25.63400077819824,4456.240234375
2022-03-24,28.149999618530277,4520.16015625
2022-03-25,27.691999435424805,4543.06005859375
2022-03-28,28.2189998626709,4575.52001953125
2022-03-29,28.6560001373291,4631.60009765625
2022-03-30,27.690000534057617,4602.4501953125
2022-03-31,27.285999298095703,4530.41015625
2022-04-01,26.71199989318848,4545.85986328125
2022-04-04,27.36000061035156,4582.64013671875
2022-04-05,25.93099975585937,4525.1201171875
2022-04-06,24.40699958801269,4481.14990234375
2022-04-07,24.20800018310547,4500.2099609375
2022-04-08,23.11899948120117,4488.27978515625
2022-04-11,21.91699981689453,4412.52978515625
2022-04-12,21.503999710083008,4397.4501953125
2022-04-13,22.202999114990234,4446.58984375
2022-04-14,21.257999420166016,4392.58984375
2022-04-18,21.78300094604492,4391.68994140625
2022-04-19,22.197999954223636,4462.2099609375
2022-04-20,21.48200035095215,4459.4501953125
2022-04-21,20.183000564575195,4393.66015625
2022-04-22,19.51499938964844,4271.77978515625
2022-04-25,19.902000427246094,4296.1201171875
2022-04-26,18.788000106811523,4175.2001953125
2022-04-27,18.415000915527344,4183.9599609375
2022-04-28,19.78199958801269,4287.5
2022-04-29,18.54700088500977,4131.93017578125
2022-05-02,19.53300094604492,4155.3798828125
2022-05-03,19.601999282836918,4175.47998046875
2022-05-04,20.333999633789062,4300.169921875
2022-05-05,18.8439998626709,4146.8701171875
2022-05-06,18.674999237060547,4123.33984375
2022-05-09,16.950000762939453,3991.239990234375
2022-05-10,17.594999313354492,4001.050048828125
2022-05-11,16.6299991607666,3935.179931640625
2022-05-12,16.174999237060547,3930.080078125
2022-05-13,17.70599937438965,4023.889892578125
2022-05-16,17.263999938964844,4008.010009765625
2022-05-17,18.177000045776367,4088.85009765625
2022-05-18,16.937999725341797,3923.679931640625
2022-05-19,17.124000549316406,3900.7900390625
2022-05-20,16.694000244140625,3901.360107421875
2022-05-23,16.898000717163086,3973.75
2022-05-24,16.15399932861328,3941.47998046875
2022-05-25,16.975000381469727,3978.72998046875
2022-05-26,17.85099983215332,4057.840087890625
2022-05-27,18.81100082397461,4158.240234375
2022-05-31,18.67200088500977,4132.14990234375
2022-06-01,18.31999969482422,4101.22998046875
2022-06-02,19.59199905395508,4176.81982421875
2022-06-03,18.71999931335449,4108.5400390625
2022-06-06,18.785999298095703,4121.43017578125
2022-06-07,18.926000595092773,4160.68017578125
2022-06-08,18.64800071716309,4115.77001953125
2022-06-09,18.04800033569336,4017.820068359375
2022-06-10,16.974000930786133,3900.860107421875
2022-06-13,15.647000312805176,3749.6298828125
2022-06-14,15.836000442504885,3735.47998046875
2022-06-15,16.527000427246094,3789.989990234375
2022-06-16,15.60099983215332,3666.77001953125
2022-06-17,15.880000114440918,3674.840087890625
2022-06-21,16.56599998474121,3764.7900390625
2022-06-22,16.360000610351562,3759.889892578125
2022-06-23,16.225000381469727,3795.72998046875
2022-06-24,17.125999450683594,3911.739990234375
2022-06-27,16.868999481201172,3900.110107421875
2022-06-28,15.982000350952148,3821.550048828125
2022-06-29,15.541999816894531,3818.830078125
2022-06-30,15.159000396728516,3785.3798828125
2022-07-01,14.52299976348877,3825.330078125
2022-07-05,14.96399974822998,3831.389892578125
2022-07-06,15.130000114440918,3845.080078125
2022-07-07,15.857999801635742,3902.6201171875
2022-07-08,15.838000297546388,3899.3798828125
2022-07-11,15.152000427246094,3854.429931640625
2022-07-12,15.08199977874756,3818.800048828125
2022-07-13,15.163999557495115,3801.780029296875
2022-07-14,15.371999740600586,3790.3798828125
2022-07-15,15.76200008392334,3863.159912109375
2022-07-18,16.10099983215332,3830.85009765625
2022-07-19,16.992000579833984,3936.68994140625
2022-07-20,17.80699920654297,3959.89990234375
2022-07-21,18.049999237060547,3998.949951171875
2022-07-22,17.319000244140625,3961.6298828125
2022-07-25,17.02400016784668,3966.840087890625
2022-07-26,16.533000946044922,3921.050048828125
2022-07-27,17.790000915527344,4023.610107421875
2022-07-28,17.983999252319336,4072.429931640625
2022-07-29,18.163000106811523,4130.2900390625
2022-08-01,18.44099998474121,4118.6298828125
2022-08-02,18.525999069213867,4091.18994140625
2022-08-03,18.89299964904785,4155.169921875
2022-08-04,19.21500015258789,4151.93994140625
2022-08-05,18.98900032043457,4145.18994140625
2022-08-08,17.792999267578125,4140.06005859375
2022-08-09,17.086000442504883,4122.47021484375
2022-08-10,18.097000122070312,4210.240234375
2022-08-11,17.941999435424805,4207.27001953125
2022-08-12,18.708999633789062,4280.14990234375
2022-08-15,19.03199958801269,4297.14013671875
2022-08-16,18.878999710083008,4305.2001953125
2022-08-17,18.334999084472656,4274.0400390625
2022-08-18,18.77300071716309,4283.740234375
2022-08-19,17.849000930786133,4228.47998046875
2022-08-22,17.034000396728516,4137.990234375
2022-08-23,17.180999755859375,4128.72998046875
2022-08-24,17.222000122070312,4140.77001953125
2022-08-25,17.913000106811523,4199.1201171875
2022-08-26,16.260000228881836,4057.659912109375
2022-08-29,15.800999641418455,4030.610107421875
2022-08-30,15.468000411987305,3986.159912109375
2022-08-31,15.093999862670898,3955.0
2022-09-01,13.937000274658203,3966.85009765625
2022-09-02,13.647000312805176,3924.260009765625
2022-09-06,13.46500015258789,3908.18994140625
2022-09-07,13.71399974822998,3979.8701171875
2022-09-08,13.989999771118164,4006.179931640625
2022-09-09,14.38700008392334,4067.360107421875
2022-09-12,14.505000114440918,4110.41015625
2022-09-13,13.130999565124512,3932.68994140625
2022-09-14,13.128000259399414,3946.010009765625
2022-09-15,12.928999900817873,3901.35009765625
2022-09-16,13.197999954223633,3873.330078125
2022-09-19,13.381999969482422,3899.889892578125
2022-09-20,13.175999641418455,3855.929931640625
2022-09-21,13.26099967956543,3789.929931640625
2022-09-22,12.560999870300291,3757.989990234375
2022-09-23,12.515999794006348,3693.22998046875
2022-09-26,12.227999687194824,3655.0400390625
2022-09-27,12.413000106811523,3647.2900390625
2022-09-28,12.736000061035156,3719.0400390625
2022-09-29,12.220000267028809,3640.469970703125
2022-09-30,12.138999938964844,3585.6201171875
2022-10-03,12.51200008392334,3678.429931640625
2022-10-04,13.166999816894531,3790.929931640625
2022-10-05,13.208999633789062,3783.280029296875
2022-10-06,13.130000114440918,3744.52001953125
2022-10-07,12.076000213623049,3639.659912109375
2022-10-10,11.670000076293944,3612.389892578125
2022-10-11,11.586000442504885,3588.840087890625
2022-10-12,11.5,3577.030029296875
2022-10-13,11.960000038146973,3669.909912109375
2022-10-14,11.22700023651123,3583.070068359375
2022-10-17,11.887999534606934,3677.949951171875
2022-10-18,11.967000007629396,3719.97998046875
2022-10-19,12.050999641418455,3695.159912109375
2022-10-20,12.194000244140623,3665.780029296875
2022-10-21,12.465999603271484,3752.75
2022-10-24,12.598999977111816,3797.340087890625
2022-10-25,13.26099967956543,3859.110107421875
2022-10-26,12.895999908447266,3830.60009765625
2022-10-27,13.175999641418455,3807.300048828125
2022-10-28,13.833999633789062,3901.06005859375
2022-10-31,13.496999740600586,3871.97998046875
2022-11-01,13.54300022125244,3856.10009765625
2022-11-02,13.218999862670898,3759.68994140625
2022-11-03,13.42099952697754,3719.889892578125
2022-11-04,14.156000137329102,3770.550048828125
2022-11-07,14.300999641418455,3806.800048828125
2022-11-08,14.60200023651123,3828.110107421875
2022-11-09,13.776000022888184,3748.570068359375
2022-11-10,15.75,3956.3701171875
2022-11-11,16.32699966430664,3992.929931640625
2022-11-14,16.295000076293945,3957.25
2022-11-15,16.666000366210938,3991.72998046875
2022-11-16,15.90999984741211,3958.7900390625
2022-11-17,15.677000045776367,3946.56005859375
2022-11-18,15.409000396728516,3965.340087890625
2022-11-21,15.31700038909912,3949.93994140625
2022-11-22,16.038000106811523,4003.580078125
2022-11-23,16.518999099731445,4027.260009765625
2022-11-25,16.270000457763672,4026.1201171875
2022-11-28,15.82699966430664,3963.93994140625
2022-11-29,15.638999938964844,3957.6298828125
2022-11-30,16.92300033569336,4080.110107421875
2022-12-01,17.135000228881836,4076.570068359375
2022-12-02,16.875999450683594,4071.699951171875
2022-12-05,16.610000610351562,3998.840087890625
2022-12-06,15.987000465393066,3941.260009765625
2022-12-07,16.1200008392334,3933.919921875
2022-12-08,17.16900062561035,3963.510009765625
2022-12-09,17.000999450683594,3934.3798828125
2022-12-12,17.53499984741211,3990.56005859375
2022-12-13,18.07200050354004,4019.64990234375
2022-12-14,17.673999786376953,3995.320068359375
2022-12-15,16.95199966430664,3895.75
2022-12-16,16.570999145507812,3852.360107421875
2022-12-19,16.253999710083008,3817.659912109375
2022-12-20,16.084999084472656,3821.6201171875
2022-12-21,16.500999450683594,3878.43994140625
2022-12-22,15.33899974822998,3822.389892578125
2022-12-23,15.206000328063965,3844.820068359375
2022-12-27,14.121000289916992,3829.25
2022-12-28,14.03600025177002,3783.219970703125
2022-12-29,14.602999687194824,3849.280029296875
2022-12-30,14.61400032043457,3839.5
2023-01-03,14.3149995803833,3824.139892578125
2023-01-04,14.74899959564209,3852.969970703125
2023-01-05,14.265000343322754,3808.10009765625
2023-01-06,14.859000205993652,3895.080078125
2023-01-09,15.628000259399414,3892.090087890625
2023-01-10,15.909000396728516,3919.25
2023-01-11,16.000999450683594,3969.610107421875
2023-01-12,16.51099967956543,3983.169921875
2023-01-13,16.89900016784668,3999.090087890625
2023-01-17,17.70199966430664,3990.969970703125
2023-01-18,17.37700080871582,3928.860107421875
2023-01-19,16.764999389648438,3898.85009765625
2023-01-20,17.839000701904297,3972.610107421875
2023-01-23,19.19300079345703,4019.81005859375
2023-01-24,19.26499938964844,4016.949951171875
2023-01-25,19.322999954223636,4016.219970703125
2023-01-26,19.802000045776367,4060.429931640625
2023-01-27,20.364999771118164,4070.56005859375
2023-01-30,19.16200065612793,4017.77001953125
2023-01-31,19.53700065612793,4076.60009765625
2023-02-01,20.94300079345703,4119.2099609375
2023-02-02,21.708999633789062,4179.759765625
2023-02-03,21.100000381469727,4136.47998046875
2023-02-06,21.089000701904297,4111.080078125
2023-02-07,22.17300033569336,4164.0
2023-02-08,22.20499992370605,4117.85986328125
2023-02-09,22.33699989318848,4081.5
2023-02-10,21.26499938964844,4090.4599609375
2023-02-13,21.788000106811523,4137.2900390625
2023-02-14,22.97100067138672,4136.1298828125
2023-02-15,22.763999938964844,4147.60009765625
2023-02-16,22.00200080871582,4090.409912109375
2023-02-17,21.38800048828125,4079.090087890625
2023-02-21,20.655000686645508,3997.340087890625
2023-02-22,20.753999710083008,3991.050048828125
2023-02-23,23.66399955749512,4012.320068359375
2023-02-24,23.285999298095703,3970.0400390625
2023-02-27,23.500999450683597,3982.239990234375
2023-02-28,23.215999603271484,3970.14990234375
2023-03-01,22.697999954223636,3951.389892578125
2023-03-02,23.31399917602539,3981.35009765625
2023-03-03,23.88999938964844,4045.639892578125
2023-03-06,23.554000854492188,4048.419921875
2023-03-07,23.288000106811523,3986.3701171875
2023-03-08,24.18099975585937,3992.010009765625
2023-03-09,23.43600082397461,3918.320068359375
2023-03-10,22.96500015258789,3861.590087890625
2023-03-13,22.965999603271484,3855.760009765625
2023-03-14,24.0629997253418,3919.2900390625
2023-03-15,24.22800064086914,3891.929931640625
2023-03-16,25.541000366210938,3960.280029296875
2023-03-17,25.725000381469727,3916.639892578125
2023-03-20,25.899999618530277,3951.570068359375
2023-03-21,26.198999404907227,4002.8701171875
2023-03-22,26.468000411987305,3936.969970703125
2023-03-23,27.19099998474121,3948.719970703125
2023-03-24,26.77899932861328,3970.989990234375
2023-03-27,26.5310001373291,3977.530029296875
2023-03-28,26.40999984741211,3971.27001953125
2023-03-29,26.983999252319336,4027.81005859375
2023-03-30,27.382999420166016,4050.830078125
2023-03-31,27.777000427246094,4109.31005859375
2023-04-03,27.96500015258789,4124.509765625
2023-04-04,27.452999114990234,4100.60009765625
2023-04-05,26.881000518798828,4090.3798828125
2023-04-06,27.03700065612793,4105.02001953125
2023-04-10,27.57900047302246,4109.10986328125
2023-04-11,27.16900062561035,4108.93994140625
2023-04-12,26.4950008392334,4091.949951171875
2023-04-13,26.46299934387207,4146.22021484375
2023-04-14,26.757999420166016,4137.64013671875
2023-04-17,27.00200080871582,4151.31982421875
2023-04-18,27.66699981689453,4154.8701171875
2023-04-19,27.93099975585937,4154.52001953125
2023-04-20,27.10400009155273,4129.7900390625
2023-04-21,27.11899948120117,4133.52001953125
2023-04-24,27.04199981689453,4137.0400390625
2023-04-25,26.24099922180176,4071.6298828125
2023-04-26,26.95599937438965,4055.989990234375
2023-04-27,27.22599983215332,4135.35009765625
2023-04-28,27.749000549316406,4169.47998046875
2023-05-01,28.90999984741211,4167.8701171875
2023-05-02,28.209999084472656,4119.580078125
2023-05-03,27.802000045776367,4090.75
2023-05-04,27.562000274658203,4061.219970703125
2023-05-05,28.68000030517578,4136.25
2023-05-08,29.150999069213867,4138.1201171875
2023-05-09,28.57099914550781,4119.169921875
2023-05-10,28.88500022888184,4137.64013671875
2023-05-11,28.577999114990234,4130.6201171875
2023-05-12,28.34000015258789,4124.080078125
2023-05-15,28.952999114990234,4136.27978515625
2023-05-16,29.21299934387207,4109.89990234375
2023-05-17,30.17799949645996,4158.77001953125
2023-05-18,31.67799949645996,4198.0498046875
2023-05-19,31.263999938964844,4191.97998046875
2023-05-22,31.176000595092773,4192.6298828125
2023-05-23,30.6879997253418,4145.580078125
2023-05-24,30.538000106811523,4115.240234375
2023-05-25,37.97999954223633,4151.27978515625
2023-05-26,38.94599914550781,4205.4501953125
2023-05-30,40.11100006103516,4205.52001953125
2023-05-31,37.83399963378906,4179.830078125
2023-06-01,39.77000045776367,4221.02001953125
2023-06-02,39.32699966430664,4282.3701171875
2023-06-05,39.17100143432617,4273.7900390625
2023-06-06,38.65399932861328,4283.85009765625
2023-06-07,37.47499847412109,4267.52001953125
2023-06-08,38.5099983215332,4293.93017578125
2023-06-09,38.77000045776367,4298.85986328125
2023-06-12,39.48199844360352,4338.93017578125
2023-06-13,41.02199935913086,4369.009765625
2023-06-14,42.99700164794922,4372.58984375
2023-06-15,42.65299987792969,4425.83984375
2023-06-16,42.69200134277344,4409.58984375
2023-06-20,43.80799865722656,4388.7099609375
2023-06-21,43.04499816894531,4365.68994140625
2023-06-22,43.025001525878906,4381.89013671875
2023-06-23,42.20899963378906,4348.330078125
2023-06-26,40.63199996948242,4328.81982421875
2023-06-27,41.8759994506836,4378.41015625
2023-06-28,41.117000579833984,4376.85986328125
2023-06-29,40.821998596191406,4396.43994140625
2023-06-30,42.30199813842773,4450.3798828125
2023-07-03,42.41299819946289,4455.58984375
2023-07-05,42.31700134277344,4446.81982421875
2023-07-06,42.10300064086914,4411.58984375
2023-07-07,42.50299835205078,4398.9501953125
2023-07-10,42.18000030517578,4409.52978515625
2023-07-11,42.40499877929688,4439.259765625
2023-07-12,43.902000427246094,4472.16015625
2023-07-13,45.97700119018555,4510.0400390625
2023-07-14,45.46900177001953,4505.419921875
2023-07-17,46.46099853515625,4522.7900390625
2023-07-18,47.49399948120117,4554.97998046875
2023-07-19,47.07699966430664,4565.72021484375
2023-07-20,45.52000045776367,4534.8701171875
2023-07-21,44.30899810791016,4536.33984375
2023-07-24,44.61199951171875,4554.64013671875
2023-07-25,45.67900085449219,4567.4599609375
2023-07-26,45.45199966430664,4566.75
2023-07-27,45.900001525878906,4537.41015625
2023-07-28,46.75,4582.22998046875
2023-07-31,46.729000091552734,4588.9599609375
2023-08-01,46.50699996948242,4576.72998046875
2023-08-02,44.26900100708008,4513.39013671875
2023-08-03,44.51499938964844,4501.89013671875
2023-08-04,44.68000030517578,4478.02978515625
2023-08-07,45.41699981689453,4518.43994140625
2023-08-08,44.66400146484375,4499.3798828125
2023-08-09,42.55400085449219,4467.7099609375
2023-08-10,42.38800048828125,4468.830078125
2023-08-11,40.85499954223633,4464.0498046875
2023-08-14,43.75299835205078,4489.72021484375
2023-08-15,43.93999862670898,4437.85986328125
2023-08-16,43.48600006103516,4404.330078125
2023-08-17,43.34400177001953,4370.35986328125
2023-08-18,43.29899978637695,4369.7099609375
2023-08-21,46.96699905395508,4399.77001953125
2023-08-22,45.667999267578125,4387.5498046875
2023-08-23,47.11600112915039,4436.009765625
2023-08-24,47.16299819946289,4376.31005859375
2023-08-25,46.01800155639648,4405.7099609375
2023-08-28,46.834999084472656,4433.31005859375
2023-08-29,48.78400039672852,4497.6298828125
2023-08-30,49.26399993896485,4514.8701171875
2023-08-31,49.35499954223633,4507.66015625
2023-09-01,48.50899887084961,4515.77001953125
2023-09-05,48.54800033569336,4496.830078125
2023-09-06,47.06100082397461,4465.47998046875
2023-09-07,46.24100112915039,4451.14013671875
2023-09-08,45.571998596191406,4457.490234375
2023-09-11,45.178001403808594,4487.4599609375
2023-09-12,44.869998931884766,4461.89990234375
2023-09-13,45.48500061035156,4467.43994140625
2023-09-14,45.58100128173828,4505.10009765625
2023-09-15,43.900001525878906,4450.31982421875
2023-09-18,43.96599960327149,4453.52978515625
2023-09-19,43.52000045776367,4443.9501953125
2023-09-20,42.23899841308594,4402.2001953125
2023-09-21,41.016998291015625,4330.0
2023-09-22,41.61000061035156,4320.06005859375
2023-09-25,42.22200012207031,4337.43994140625
2023-09-26,41.9109992980957,4273.52978515625
2023-09-27,42.46799850463867,4274.509765625
2023-09-28,43.0890007019043,4299.7001953125
2023-09-29,43.499000549316406,4288.0498046875
2023-10-02,44.78200149536133,4288.39013671875
2023-10-03,43.516998291015625,4229.4501953125
2023-10-04,44.04100036621094,4263.75
2023-10-05,44.6879997253418,4258.18994140625
2023-10-06,45.762001037597656,4308.5
2023-10-09,45.27299880981445,4335.66015625
2023-10-10,45.79800033569336,4358.240234375
2023-10-11,46.805999755859375,4376.9501953125
2023-10-12,46.94499969482422,4349.60986328125
2023-10-13,45.46099853515625,4327.77978515625
2023-10-16,46.095001220703125,4373.6298828125
2023-10-17,43.9379997253418,4373.2001953125
2023-10-18,42.19599914550781,4314.60009765625
2023-10-19,42.10100173950195,4278.0
2023-10-20,41.387001037597656,4224.16015625
2023-10-23,42.97499847412109,4217.0400390625
2023-10-24,43.66299819946289,4247.68017578125
2023-10-25,41.77899932861328,4186.77001953125
2023-10-26,40.32600021362305,4137.22998046875
2023-10-27,40.5,4117.3701171875
2023-10-30,41.1609992980957,4166.81982421875
2023-10-31,40.77999877929688,4193.7998046875
2023-11-01,42.32500076293945,4237.85986328125
2023-11-02,43.50600051879883,4317.77978515625
2023-11-03,45.005001068115234,4358.33984375
2023-11-06,45.7509994506836,4365.97998046875
2023-11-07,45.95500183105469,4378.3798828125
2023-11-08,46.57400131225586,4382.77978515625
2023-11-09,46.95000076293945,4347.35009765625
2023-11-10,48.334999084472656,4415.240234375
2023-11-13,48.619998931884766,4411.5498046875
2023-11-14,49.65599822998047,4495.7001953125
2023-11-15,48.88800048828125,4502.8798828125
2023-11-16,49.47999954223633,4508.240234375
2023-11-17,49.29800033569336,4514.02001953125
2023-11-20,50.40900039672852,4547.3798828125
2023-11-21,49.94400024414063,4538.18994140625
2023-11-22,48.71599960327149,4556.6201171875
2023-11-24,47.7760009765625,4559.33984375
2023-11-27,48.242000579833984,4550.43017578125
2023-11-28,47.82099914550781,4554.89013671875
2023-11-29,48.13999938964844,4550.580078125
2023-11-30,46.77000045776367,4567.7998046875
2023-12-01,46.76499938964844,4594.6298828125
2023-12-04,45.5099983215332,4569.77978515625
2023-12-05,46.56600189208984,4567.18017578125
2023-12-06,45.50299835205078,4549.33984375
2023-12-07,46.59600067138672,4585.58984375
2023-12-08,47.50600051879883,4604.3701171875
2023-12-11,46.62699890136719,4622.43994140625
2023-12-12,47.65700149536133,4643.7001953125
2023-12-13,48.0880012512207,4707.08984375
2023-12-14,48.34999847412109,4719.5498046875
2023-12-15,48.88999938964844,4719.18994140625
2023-12-18,50.07699966430664,4740.56005859375
2023-12-19,49.604000091552734,4768.3701171875
2023-12-20,48.11100006103516,4698.35009765625
2023-12-21,48.9900016784668,4746.75
2023-12-22,48.83000183105469,4754.6298828125
2023-12-26,49.27899932861328,4774.75
2023-12-27,49.41699981689453,4781.580078125
2023-12-28,49.52199935913086,4783.35009765625
2023-12-29,49.52199935913086,4769.830078125
2024-01-02,48.167999267578125,4742.830078125
2024-01-03,47.56900024414063,4704.81005859375
2024-01-04,47.99800109863281,4688.68017578125
2024-01-05,49.09700012207031,4697.240234375
2024-01-08,52.25299835205078,4763.5400390625
2024-01-09,53.13999938964844,4756.5
2024-01-10,54.34999847412109,4783.4501953125
2024-01-11,54.821998596191406,4780.240234375
2024-01-12,54.709999084472656,4783.830078125
2024-01-16,56.38199996948242,4765.97998046875
2024-01-17,56.053001403808594,4739.2099609375
2024-01-18,57.10699844360352,4780.93994140625
2024-01-19,59.49100112915039,4839.81005859375
2024-01-22,59.65399932861328,4850.43017578125
2024-01-23,59.87300109863281,4864.60009765625
2024-01-24,61.36199951171875,4868.5498046875
2024-01-25,61.617000579833984,4894.16015625
2024-01-26,61.03099822998047,4890.97021484375
2024-01-29,62.46500015258789,4927.93017578125
2024-01-30,62.77399826049805,4924.97021484375
2024-01-31,61.527000427246094,4845.64990234375
2024-02-01,63.027000427246094,4906.18994140625
2024-02-02,66.16000366210938,4958.60986328125
2024-02-05,69.33200073242188,4942.81005859375
2024-02-06,68.2229995727539,4954.22998046875
2024-02-07,70.0989990234375,4995.06005859375
2024-02-08,69.64099884033203,4997.91015625
2024-02-09,72.13300323486328,5026.60986328125
2024-02-12,72.24800109863281,5021.83984375
2024-02-13,72.12799835205078,4953.169921875
2024-02-14,73.9000015258789,5000.6201171875
2024-02-15,72.65799713134766,5029.72998046875
2024-02-16,72.61299896240234,5005.56982421875
2024-02-20,69.4520034790039,4975.509765625
2024-02-21,67.47200012207031,4981.7998046875
2024-02-22,78.53800201416016,5087.02978515625
2024-02-23,78.81700134277344,5088.7998046875
2024-02-26,79.09200286865234,5069.52978515625
2024-02-27,78.70099639892578,5078.18017578125
2024-02-28,77.66300201416016,5069.759765625
2024-02-29,79.11199951171875,5096.27001953125
2024-03-01,82.27899932861328,5137.080078125
2024-03-04,85.23699951171875,5130.9501953125
2024-03-05,85.96399688720703,5078.64990234375
2024-03-06,88.69999694824219,5104.759765625
2024-03-07,92.66899871826172,5157.35986328125
2024-03-08,87.52799987792969,5123.68994140625
2024-03-11,85.77400207519531,5117.93994140625
2024-03-12,91.91300201416016,5175.27001953125
2024-03-13,90.88800048828124,5165.31005859375
2024-03-14,87.94400024414062,5150.47998046875
2024-03-15,87.83699798583984,5117.08984375
2024-03-18,88.45500183105469,5149.419921875
2024-03-19,89.39800262451172,5178.509765625
2024-03-20,90.37200164794922,5224.6201171875
2024-03-21,91.43499755859376,5241.52978515625
2024-03-22,94.28900146484376,5234.18017578125
2024-03-25,95.0019989013672,5218.18994140625
2024-03-26,92.56099700927734,5203.580078125
2024-03-27,90.25,5248.490234375
2024-03-28,90.3560028076172,5254.35009765625
2024-04-01,90.36299896240234,5243.77001953125
2024-04-02,89.4520034790039,5205.81005859375
2024-04-03,88.96399688720703,5211.490234375
2024-04-04,85.90499877929688,5147.2099609375
2024-04-05,88.00800323486328,5204.33984375
2024-04-08,87.13300323486328,5202.39013671875
2024-04-09,85.35399627685547,5209.91015625
2024-04-10,87.03900146484375,5160.64013671875
2024-04-11,90.61599731445312,5199.06005859375
2024-04-12,88.18599700927734,5123.41015625
2024-04-15,86.0009994506836,5061.81982421875
2024-04-16,87.41500091552734,5051.41015625
2024-04-17,84.03500366210938,5022.2099609375
2024-04-18,84.6709976196289,5011.1201171875
2024-04-19,76.19999694824219,4967.22998046875
2024-04-22,79.51799774169922,5010.60009765625
2024-04-23,82.4229965209961,5070.5498046875
2024-04-24,79.677001953125,5071.6298828125
2024-04-25,82.63200378417969,5048.419921875
2024-04-26,87.73500061035156,5099.9599609375
2024-04-29,87.75700378417969,5116.169921875
2024-04-30,86.4020004272461,5035.68994140625
2024-05-01,83.04100036621094,5018.39013671875
2024-05-02,85.81700134277344,5064.2001953125
2024-05-03,88.78900146484375,5127.7900390625
2024-05-06,92.13999938964844,5180.740234375
2024-05-07,90.5540008544922,5187.7001953125
2024-05-08,90.41200256347656,5187.669921875
2024-05-09,88.74700164794922,5214.080078125
2024-05-10,89.87799835205078,5222.68017578125
2024-05-13,90.39900207519533,5221.419921875
2024-05-14,91.3560028076172,5246.68017578125
2024-05-15,94.62999725341795,5308.14990234375
2024-05-16,94.35900115966795,5297.10009765625
2024-05-17,92.47899627685548,5303.27001953125
2024-05-20,94.77999877929688,5308.1298828125
2024-05-21,95.38600158691406,5321.41015625
2024-05-22,94.9499969482422,5307.009765625
2024-05-23,103.79900360107422,5267.83984375
2024-05-24,106.46900177001952,5304.72021484375
2024-05-28,113.9010009765625,5306.0400390625
2024-05-29,114.8249969482422,5266.9501953125
2024-05-30,110.5,5235.47998046875
2024-05-31,109.63300323486328,5277.509765625
2024-06-03,115.0,5283.39990234375
2024-06-04,116.43699645996094,5291.33984375
2024-06-05,122.44000244140624,5354.02978515625
2024-06-06,120.9980010986328,5352.9599609375
2024-06-07,120.88800048828124,5346.990234375
2024-06-10,121.79000091552734,5360.7900390625
2024-06-11,120.91000366210938,5375.31982421875
2024-06-12,125.1999969482422,5421.02978515625
2024-06-13,129.61000061035156,5433.740234375
2024-06-14,131.8800048828125,5431.60009765625
2024-06-17,130.97999572753906,5473.22998046875
2024-06-18,135.5800018310547,5487.02978515625
2024-06-20,130.77999877929688,5473.169921875
2024-06-21,126.56999969482422,5464.6201171875
2024-06-24,118.11000061035156,5447.8701171875
2024-06-25,126.08999633789062,5469.2998046875
2024-06-26,126.4000015258789,5477.89990234375
2024-06-27,123.98999786376952,5482.8701171875
2024-06-28,123.54000091552734,5460.47998046875
2024-07-01,124.3000030517578,5475.08984375
2024-07-02,122.66999816894533,5509.009765625
2024-07-03,128.27999877929688,5537.02001953125
2024-07-05,125.83000183105467,5567.18994140625
2024-07-08,128.1999969482422,5572.85009765625
2024-07-09,131.3800048828125,5576.97998046875
2024-07-10,134.91000366210938,5633.91015625
2024-07-11,127.4000015258789,5584.5400390625
2024-07-12,129.24000549316406,5615.35009765625
2024-07-15,128.44000244140625,5631.22021484375
2024-07-16,126.36000061035156,5667.2001953125
2024-07-17,117.98999786376952,5588.27001953125
2024-07-18,121.08999633789062,5544.58984375
2024-07-19,117.93000030517578,5505.0
2024-07-22,123.54000091552734,5564.41015625
2024-07-23,122.58999633789062,5555.740234375
2024-07-24,114.25,5427.1298828125
2024-07-25,112.27999877929688,5399.22021484375
2024-07-26,113.05999755859376,5459.10009765625
2024-07-29,111.58999633789062,5463.5400390625
2024-07-30,103.7300033569336,5436.43994140625
2024-07-31,117.0199966430664,5522.2998046875
2024-08-01,109.20999908447266,5446.68017578125
2024-08-02,107.2699966430664,5346.56005859375
2024-08-05,100.4499969482422,5186.330078125
2024-08-06,104.25,5240.02978515625
2024-08-07,98.91000366210938,5199.5
2024-08-08,104.97000122070312,5319.31005859375
2024-08-09,104.75,5344.16015625
2024-08-12,109.0199966430664,5344.39013671875
2024-08-13,116.13999938964844,5434.43017578125
2024-08-14,118.08000183105467,5455.2099609375
2024-08-15,122.86000061035156,5543.22021484375
2024-08-16,124.58000183105467,5554.25
2024-08-19,130.0,5608.25
2024-08-20,127.25,5597.1201171875
2024-08-21,128.5,5620.85009765625
2024-08-22,123.73999786376952,5570.64013671875
2024-08-23,129.3699951171875,5634.60986328125
2024-08-26,126.45999908447266,5616.83984375
2024-08-27,128.3000030517578,5625.7998046875
2024-08-28,125.61000061035156,5592.18017578125
2024-08-29,117.58999633789062,5591.9599609375
2024-08-30,119.37000274658205,5648.39990234375
2024-09-03,108.0,5528.93017578125
2024-09-04,106.20999908447266,5520.06982421875
2024-09-05,107.20999908447266,5503.41015625
2024-09-06,102.83000183105467,5408.419921875
2024-09-09,106.47000122070312,5471.0498046875
2024-09-10,108.0999984741211,5495.52001953125
2024-09-11,116.91000366210938,5554.1298828125
2024-09-12,119.13999938964844,5595.759765625
2024-09-13,119.0999984741211,5626.02001953125
2024-09-16,116.77999877929688,5633.08984375
2024-09-17,115.58999633789062,5634.580078125
2024-09-18,113.37000274658205,5618.259765625
2024-09-19,117.87000274658205,5713.64013671875
2024-09-20,116.0,5702.5498046875
2024-09-23,116.26000213623048,5718.56982421875
2024-09-24,120.87000274658205,5732.93017578125
2024-09-25,123.51000213623048,5722.259765625
2024-09-26,124.04000091552734,5745.3701171875
2024-09-27,121.4000015258789,5738.169921875
2024-09-30,121.44000244140624,5762.47998046875
2024-10-01,117.0,5708.75
2024-10-02,118.8499984741211,5709.5400390625
2024-10-03,122.8499984741211,5699.93994140625
2024-10-04,124.91999816894533,5751.06982421875
